SetID,Number,Variant,YearFrom,Category,Theme,ThemeGroup,Subtheme,SetName,Image,ImageFilename,USRetailPrice,UKRetailPrice,CARetailPrice,DERetailPrice,USDateAdded,USDateRemoved,Pieces,Minifigs,MinifigNumbers,PackagingType,Availability,USItemNumber,EUItemNumber,EAN,UPC,Width,Height,Depth,Weight,ModelDimension1,ModelDimension2,ModelDimension3,AgeMin,AgeMax,OwnCount,WantCount,InstructionsCount,AdditionalImageCount,Released,Rating,BrickLinkSoldPriceNew,BrickLinkSoldPriceUsed,Designers,LaunchDate,ExitDate,Own,Want,QtyOwned,QtyOwnedNew,QtyOwnedUsed,QtyWanted,WantedPriority,,Flag2,Flag3,Flag4,Flag5,Flag6,Flag7,Flag8,UserNotes
"30970","10281","1","2021","Normal","Icons","Model making","Botanical Collection","Bonsai Tree","X","10281-1","49.99","44.99","69.99","49.99","02/01/2021 00:00:00","15/04/2026 00:00:00","878","","","Box","Retail","6332928","6332925","5702016914177","673419340533","26.2","38.2","7.1","0.76","18","21","20","18","","29389","3553","13","12","X","25","34.9300","29.3600","Nick Vas,","01/01/2021 00:00:00","31/12/2027 00:00:00","X","","1","1","0","0","1","","","","","","","","",""
"24015","10700","1","2015","Normal","Classic","Basic","Baseplates","32x32 Green Baseplate","X","10700-1","7.99","7.99","9.99","8.99","07/01/2015 00:00:00","17/03/2022 00:00:00","1","","","Shrink-wrapped","Retail","6102278","6102277","5702015357142","673419232845","26.0096","30.8102","0.3048","0.1043262","","","","4","99","8532","701","0","2","X","13","6.8800","4.6400","","","","X","","1","1","0","0","1","","","","","","","","",""
"23935","10701","1","2015","Normal","Classic","Basic","Baseplates","48x48 Grey Baseplate","X","10701-1","14.99","12.99","17.99","14.99","07/01/2015 00:00:00","20/03/2022 00:00:00","1","","","Shrink-wrapped","Retail","6102280","6102279","5702015357159","673419233750","38.7096","43.7896","0.3048","0.2222601","","","","4","99","7860","778","0","2","X","22","12.2700","10.3200","","","","X","","1","1","0","0","1","","","","","","","","",""
"26556","10703","1","2017","Normal","Classic","Basic","Creative Box","Creative Builder Box","X","10703-1","","19.99","","24.99","","","502","","","Box","Retail","6175633","6175631","5702015868860","673419267366","26.2","22.2","14.3","","","","","4","99","2068","474","5","9","X","4","42.0500","22.0000","Jonathan Robson,","01/01/2017 00:00:00","31/12/2018 00:00:00","X","","1","1","0","0","1","","","","","","","","",""
"26773","10704","1","2017","Normal","Classic","Basic","Creative Box","Creative Box","X","10704-1","","29.99","","34.99","","","900","","","Box","Retail","6175638","6175637","5702015869379","673419267373","26","38","14","","","","","4","99","2851","327","5","5","X","8","49.2100","21.7900","Astrid Bonfante,","01/01/2017 00:00:00","31/12/2018 00:00:00","X","","1","1","0","0","1","","","","","","","","",""
"26562","10735","1","2017","Normal","Juniors","Junior","City","Police Truck Chase","X","10735-1","19.99","14.99","24.99","19.99","27/11/2016 00:00:00","25/11/2017 00:00:00","90","2","cty0751,cty0752,","Box","Retail","6175388","6175384","5702015868341","673419266741","26.2128","19.1008","4.5974","0.285763","","","","4","7","792","276","2","6","X","0","20.9300","18.6300","Jonathan Robson,","","","X","","1","1","0","0","1","","","","","","","","",""
"27510","21141","1","2018","Normal","Minecraft","Licensed","Minifig-scale","The Zombie Cave","X","21141-1","19.99","19.99","24.99","19.49","01/01/2018 00:00:00","21/11/2020 00:00:00","241","3","min010,min016,min057,","Box","Retail","6212474","6212473","5702016109597","673419281539","26.2","19.1","6.1","0.39","11","19","14","7","14","3848","795","2","8","X","5","45.3900","11.2900","Max Valembois,","01/01/2018 00:00:00","31/12/2020 00:00:00","X","","1","1","0","0","1","","","","","","","","",""
"29490","21162","1","2020","Normal","Minecraft","Licensed","Minifig-scale","The Taiga Adventure","X","21162-1","9.99","8.99","13.99","9.99","02/01/2020 00:00:00","09/02/2022 00:00:00","74","2","min011,min074,","Box","Retail","6288716","6288715","5702016618297","673419319065","14.1","12.2","4.6","0.1","9","9","3","7","","4289","716","2","4","X","24","14.1600","6.7900","","01/01/2020 00:00:00","31/12/2021 00:00:00","X","","1","1","0","0","1","","","","","","","","",""
"30936","21165","1","2021","Normal","Minecraft","Licensed","Minifig-scale","The Bee Farm","X","21165-1","19.99","17.99","24.99","19.99","01/12/2020 00:00:00","22/12/2022 00:00:00","238","2","min091,min092,","Box","Retail","6332807","6332806","5702016913774","673419340205","26.2","19.1","6.1","","19","16","13","8","","4397","761","2","11","X","14","25.8400","15.6100","Isaac Snyder,","01/12/2020 00:00:00","31/12/2022 00:00:00","X","","1","1","0","0","1","","","","","","","","",""
"31356","21171","1","2021","Normal","Minecraft","Licensed","Minifig-scale","The Horse Stable","X","21171-1","19.99","17.99","24.99","19.99","02/08/2021 00:00:00","14/12/2022 00:00:00","241","2","min065,min099,","Box","Retail","6332819","6332818","5702016913897","673419340663","26.2","19.1","6.1","","14","14","9","8","","2374","673","2","9","X","0","22.5700","14.9500","Esa Nousiainen,","01/06/2021 00:00:00","31/12/2022 00:00:00","X","","1","1","0","0","1","","","","","","","","",""
"32107","21177","1","2022","Normal","Minecraft","Licensed","Minifig-scale","The Creeper Ambush","X","21177-1","9.99","8.99","13.99","9.99","02/01/2022 00:00:00","05/02/2024 00:00:00","72","2","min009,min108,","Box","Retail","6379560","6379559","5702017156538","673419358576","14.1","12.2","4.6","","3","9","9","7","","4204","498","2","5","X","13","11.4600","5.7100","Erik Jensen,","01/01/2022 00:00:00","31/12/2023 00:00:00","X","","1","1","0","0","1","","","","","","","","",""
"32108","21178","1","2022","Normal","Minecraft","Licensed","Minifig-scale","The Fox Lodge","X","21178-1","19.99","17.99","32.99","19.99","02/01/2022 00:00:00","13/12/2025 00:00:00","193","2","min088,min110,","Box","Retail","6379562","6379561","5702017155791","673419358491","26.2","19.1","6.1","","10","17","12","8","","5328","681","4","6","X","9","12.9200","10.5800","Erik Jensen,","01/01/2022 00:00:00","31/12/2025 00:00:00","X","","1","1","0","0","1","","","","","","","","",""
"32109","21179","1","2022","Normal","Minecraft","Licensed","Minifig-scale","The Mushroom House","X","21179-1","24.99","17.99","32.99","19.99","02/01/2022 00:00:00","18/11/2024 00:00:00","272","2","min017,min065,","Box","Retail","6379564","6379563","5702017156583","673419358507","26.2","19.1","6.1","","10","13","15","8","","3515","594","2","7","X","0","21.7000","10.1400","","01/01/2022 00:00:00","31/12/2024 00:00:00","X","","1","1","0","0","1","","","","","","","","",""
"32110","21180","1","2022","Normal","Minecraft","Licensed","Minifig-scale","The Guardian Battle","X","21180-1","24.99","19.99","34.99","22.99","02/01/2022 00:00:00","05/03/2024 00:00:00","255","1","min109,","Box","Retail","6379566","6379565","5702017156590","673419358514","26.2","19.1","4.6","","12","12","7","8","","2836","671","2","7","X","5","26.7100","16.3100","Joe Kyde,","01/01/2022 00:00:00","31/12/2023 00:00:00","X","","1","1","0","0","1","","","","","","","","",""
"32111","21181","1","2022","Normal","Minecraft","Licensed","Minifig-scale","The Rabbit Ranch","X","21181-1","34.99","29.99","44.99","34.99","02/01/2022 00:00:00","01/03/2024 00:00:00","340","2","min010,min111,","Box","Retail","6379568","6379567","5702017156606","673419358521","35.4","19.1","5.9","","12","22","12","8","","1935","594","2","10","X","0","33.7800","19.1900","Erik Jensen,","01/01/2022 00:00:00","31/12/2023 00:00:00","X","","1","1","0","0","1","","","","","","","","",""
"34312","21240","1","2023","Normal","Minecraft","Licensed","Minifig-scale","The Swamp Adventure","X","21240-1","9.99","8.99","13.99","9.99","03/12/2022 00:00:00","13/12/2024 00:00:00","65","2","min010,min017,","Box","Retail","6425583","6425582","5702017415154","673419374767","14.1","12.2","4.6","","8","9","8","7","","3507","456","3","7","X","14","10.1700","8.3100","Ricardo Silva,","01/01/2023 00:00:00","31/12/2024 00:00:00","X","","1","1","0","0","1","","","","","","","","",""
"34313","21241","1","2023","Normal","Minecraft","Licensed","Minifig-scale","The Bee Cottage","X","21241-1","24.99","17.99","32.99","19.99","03/12/2022 00:00:00","13/12/2024 00:00:00","254","2","min127,min136,","Box","Retail","6425585","6425584","5702017415161","673419374774","26.2","19.1","6.1","","10","14","8","8","","2363","537","5","9","X","4","25.1100","27.3300","Erik Jensen,","01/01/2023 00:00:00","31/12/2024 00:00:00","X","","1","1","0","0","1","","","","","","","","",""
"48630","21252","1","2024","Normal","Minecraft","Licensed","Minifig-scale","The Armory","X","21252-1","19.99","17.99","24.99","19.99","08/11/2023 00:00:00","15/01/2026 00:00:00","203","2","min157,min158,","Box","Retail","6470590","6470589","5702017583280","673419388467","","","","","6","9","6","7","","1618","372","2","9","X","4","13.3700","10.4200","","","","X","","1","1","0","0","1","","","","","","","","",""
"48490","21254","1","2024","Normal","Minecraft","Licensed","Minifig-scale","The Turtle Beach House","X","21254-1","26.99","20.99","32.99","26.99","06/12/2023 00:00:00","10/11/2025 00:00:00","234","2","min088,min162,","Box","Retail","6470594","6470593","5702017583303","673419388481","26.2","19.1","6.1","","24","16","5","8","","1573","495","2","9","X","3","14.6900","12.5000","Aron Gerencser,","01/01/2024 00:00:00","31/12/2025 00:00:00","X","","1","1","0","0","1","","","","","","","","",""
"48491","21255","1","2024","Normal","Minecraft","Licensed","Minifig-scale","The Nether Portal Ambush","X","21255-1","37.99","31.99","49.99","37.99","06/12/2023 00:00:00","16/10/2025 00:00:00","352","1","min163,","Box","Retail","6470596","6470595","5702017583310","673419388498","35.4","19.1","7","","11","22","14","8","","1084","507","2","9","X","7","20.0600","20.1300","Isaac Snyder,","01/01/2024 00:00:00","31/12/2025 00:00:00","X","","1","1","0","0","1","","","","","","","","",""
"48900","21266","1","2025","Normal","Minecraft","Licensed","Minifig-scale","The Nether Lava Battle","X","21266-1","9.99","8.99","12.99","9.99","11/12/2024 00:00:00","15/04/2026 00:00:00","99","3","min025,min197,min198,","Box","Retail","6526773","6526772","5702017815404","673419404662","14.1","12.2","4.6","","6","6","5","","","1735","313","2","8","X","14","8.0100","6.0000","Joe Kyde,","01/01/2025 00:00:00","31/12/2026 00:00:00","X","","1","1","0","0","1","","","","","","","","",""
"50691","21272","1","2025","Normal","Minecraft","Licensed","A Minecraft Movie","Woodland Mansion Fighting Ring","X","21272-1","49.99","44.99","64.99","49.99","29/01/2025 00:00:00","15/04/2026 00:00:00","491","5","min208,min215,min216,min217,min218,","Box","Retail","6526785","6526784","5702017815466","673419404723","28.2","26.2","7.6","","17","14","6","10","","735","370","2","8","X","5","51.2000","","","01/03/2025 00:00:00","31/12/2026 00:00:00","X","","1","1","0","0","1","","","","","","","","",""
"51386","21274","1","2025","Normal","Minecraft","Licensed","Minifig-scale","The Warden Encounter","X","21274-1","19.99","17.99","24.99","19.99","03/05/2025 00:00:00","15/04/2026 00:00:00","238","2","min148,min221,","Box","Retail","6526789","6526788","5702017815480","673419404747","20.5","19.1","7.3","","","","","7","","735","296","4","11","X","4","17.2500","","Aron Gerencser,","01/06/2025 00:00:00","31/12/2026 00:00:00","X","","1","1","0","0","1","","","","","","","","",""
"51351","21280","1","2025","Normal","Minecraft","Licensed","Seasonal","LEGO Minecraft Advent Calendar 2025","X","21280-1","44.99","29.99","59.99","34.99","02/05/2025 00:00:00","12/02/2026 00:00:00","300","12","min012,min088,min220,min233,min234,min235,min236,min237,min238,min239,min240,min241,","Box","Retail","6526801","6526800","5702017815374","673419404396","","","","","","","","7","","981","323","1","6","X","4","41.2000","","Aron Gerencser,","01/09/2025 00:00:00","31/12/2025 00:00:00","X","","1","1","0","0","1","","","","","","","","",""
"27673","30358","1","2018","Normal","City","Modern day","Racing","Dragster","X","30358-1","","","","","","","40","1","cty0874,","Polybag","Retail - limited","6214720","6214719","5702016122695","","17","17","1","0.043","","","","5","12","3979","540","2","1","X","3","4.6000","2.2700","","01/01/2018 00:00:00","31/12/2018 00:00:00","X","","1","1","0","0","1","","","","","","","","",""
"26688","30522","1","2017","Normal","The LEGO Batman Movie","Licensed","Miscellaneous","Batman in the Phantom Zone","X","30522-1","","3.99","","3.49","","","59","1","sh0318,","Polybag","Retail","6176944","6176942","5702015876933","","17","17","0.8","","","","","7","14","6923","953","2","3","X","22","6.2900","4.0000","","01/01/2017 00:00:00","31/12/2018 00:00:00","X","","1","1","0","0","1","","","","","","","","",""
"32324","30589","1","2022","Normal","City","Modern day","Racing","Go-Kart Racer","X","30589-1","","","","","","","39","1","cty1432,","Polybag","Retail","6379596","6379595","5702017161006","673419359054","17","17","1.7","0.03","","","","5","","3268","648","2","1","X","3","3.8800","2.7900","","01/01/2022 00:00:00","31/12/2022 00:00:00","X","","1","1","0","0","1","","","","","","","","",""
"32325","30592","1","2022","Normal","Ninjago","Action/Adventure","Rebooted","Mini Thunder Raider","X","30592-1","","","","","","","69","","","Polybag","LEGO exclusive","6378920","6378853","","","17","19.5","1.5","","","","","7","","1238","299","3","1","X","0","3.5900","3.4700","Markus Rollbühler,","01/01/2022 00:00:00","31/12/2022 00:00:00","X","","1","1","0","0","1","","","","","","","","",""
"32326","30593","1","2022","Normal","Ninjago","Action/Adventure","Core","Lloyd Suit Mech","X","30593-1","","","","","","","59","1","njo0715,","Polybag","Retail","6378921","6378854","","673419355049","17","19.5","1.5","","","","","","","1464","395","2","0","X","0","4.6300","2.9200","Markus Rollbühler,","01/01/2022 00:00:00","31/12/2022 00:00:00","X","","1","1","0","0","1","","","","","","","","",""
"34405","30647","1","2023","Normal","Minecraft","Licensed","Minifig-scale","The Dripstone Cavern","X","30647-1","4.99","","","","","","45","2","min009,min012,","Polybag","Retail","6427816","6427817","","","17","19.5","1.5","","","","","","","2510","481","2","1","X","0","6.1000","1.0000","Erik Jensen,","01/01/2023 00:00:00","31/12/2023 00:00:00","X","","1","1","0","0","1","","","","","","","","",""
"34337","30649","1","2023","Normal","Ninjago","Action/Adventure","Core","Ice Dragon Creature","X","30649-1","","","","","","","70","","","Polybag","LEGO exclusive","6427821","6427822","","","17","19.5","1.5","","","","","7","","1472","337","3","1","X","0","4.0500","3.7500","Aaron Newman,","01/01/2023 00:00:00","31/12/2023 00:00:00","X","","1","1","0","0","1","","","","","","","","",""
"47074","30650","1","2023","Normal","Ninjago","Action/Adventure","Dragons Rising Season 1","Kai and Rapton's Temple Battle","X","30650-1","","","","","","","47","2","njo0811,njo0821,","Polybag","{Not specified}","6427824","6427825","5702017421995","673419377546","17","19.5","1.4","0.033","","","","6","","3382","263","2","1","X","16","4.5700","3.4700","","01/06/2023 00:00:00","31/12/2024 00:00:00","X","","1","1","0","0","1","","","","","","","","",""
"48305","30672","1","2024","Normal","Minecraft","Licensed","Minifig-scale","Steve and Baby Panda","X","30672-1","4.99","","","","","","35","1","min009,","Polybag","Retail - limited","6465080","6465079","","673419387491","17","19.5","1.5","","","","","","","2715","382","2","2","X","0","4.1000","1.0000","Aron Gerencser,","01/01/2024 00:00:00","31/12/2025 00:00:00","X","","1","1","0","0","1","","","","","","","","",""
"50457","30708","1","2025","Normal","Star Wars","Licensed","Episode IV","Millennium Falcon","X","30708-1","4.99","","","3.99","","","74","","","Paper bag","Retail - limited","6527999","6527998","5702017819402","673419406871","17","18","3","0.055","","","","6","","9895","458","2","4","X","9","3.9600","3.1100","","01/03/2025 00:00:00","31/12/2025 00:00:00","X","","1","1","0","0","1","","","","","","","","",""
"10257","31010","1","2013","Normal","Creator","Model making","3 in 1","Treehouse","X","31010-1","29.99","24.99","39.99","29.99","29/05/2013 00:00:00","14/10/2015 00:00:00","356","1","pln173,","Box","Retail","6024464","6024461","5702014971554","673419189682","28.194","26.1874","6.4008","0.74","","","","7","12","10901","2699","6","5","X","12","144.0100","15.9900","Andy Seenan,","01/06/2013 00:00:00","31/12/2015 00:00:00","X","","1","1","0","0","1","","","","","","","","",""
"26425","31058","1","2017","Normal","Creator","Model making","3 in 1","Mighty Dinosaurs","X","31058-1","14.99","12.99","17.99","14.99","27/11/2016 00:00:00","15/11/2025 00:00:00","174","","","Box","Retail","6175243","6175242","5702015867535","673419266482","26.2128","14.097","4.8006","0.2358678","","","","7","12","15899","963","16","5","X","24","10.5600","6.1700","Mike Psiaki,","","","X","","1","1","0","0","1","","","","","","","","",""
"28401","31090","1","2019","Normal","Creator","Model making","3 in 1","Underwater Robot","X","31090-1","19.99","17.99","24.99","19.99","01/01/2019 00:00:00","02/09/2021 00:00:00","207","","","Box","Retail","6250785","","5702016367850","673419302111","26.2","19.1","6.1","0.36","","","","7","","3718","758","6","5","X","14","33.9200","23.8400","Jeremy Luettgen,","","","X","","1","1","0","0","1","","","","","","","","",""
"28501","31092","1","2019","Normal","Creator","Model making","3 in 1","Helicopter Adventure","X","31092-1","9.99","9.99","13.99","9.74","02/01/2019 00:00:00","06/12/2020 00:00:00","114","","","Box","Retail","6259224","6259223","5702016395389","673419308779","19.1","14.1","4.6","0.19","","","","","","2316","323","6","5","X","6","17.5100","4.0800","Jeremy Luettgen,","01/01/2019 00:00:00","31/12/2020 00:00:00","X","","1","1","0","0","1","","","","","","","","",""
"30747","31114","1","2021","Normal","Creator","Model making","3 in 1","Superbike","X","31114-1","19.99","17.99","24.99","19.99","02/01/2021 00:00:00","28/11/2022 00:00:00","236","","","Box","Retail","6327655","6327653","5702016888362","","26.2","19.1","6.1","","11","19","6","8","","1503","328","6","17","X","0","24.4400","9.3300","Morten Graff-Wang,","01/01/2021 00:00:00","31/12/2022 00:00:00","X","","1","1","0","0","1","","","","","","","","",""
"31931","31128","1","2022","Normal","Creator","Model making","3 in 1","Dolphin and Turtle","X","31128-1","9.99","8.99","13.99","9.99","01/03/2022 00:00:00","01/03/2024 00:00:00","137","","","Box","Retail","6371111","6371110","5702017117423","673419351935","18.8","14","4.5","0.181","","","","6","","5346","598","6","6","X","7","12.6400","6.6500","Morten Rauff,","01/03/2022 00:00:00","31/12/2023 00:00:00","X","","1","1","0","0","1","","","","","","","","",""
"48402","31147","1","2024","Normal","Creator","Model making","3 in 1","Retro Camera","X","31147-1","19.99","17.99","24.99","19.99","06/12/2023 00:00:00","15/04/2026 00:00:00","261","","","Box","Retail","6470621","6470620","5702017584966","673419388610","26.2","19.1","4.6","0.402","13","7","8","8","","7237","1144","6","13","X","5","14.1200","6.4100","George Gilliatt,Morten Graff-Wang,","01/01/2024 00:00:00","31/07/2027 00:00:00","X","","1","1","0","0","1","","","","","","","","",""
"51296","31174","1","2025","Normal","Creator","Model making","3 in 1","Retro Telephone","X","31174-1","29.99","24.99","39.99","29.99","02/05/2025 00:00:00","15/04/2026 00:00:00","383","","","Box","Retail","6540426","6540425","5702017879963","673419412742","26.2","22.2","6.2","0.547","15","11","7","8","","1168","620","6","6","X","0","19.0900","10.0000","Aaron Newman,","01/08/2025 00:00:00","31/07/2027 00:00:00","X","","1","1","0","0","1","","","","","","","","",""
"28432","42090","1","2019","Normal","Technic","Technical","","Getaway Truck","X","42090-1","19.99","17.99","24.99","19.99","01/01/2019 00:00:00","11/11/2021 00:00:00","128","","","Box","Retail","6251438","","5702016369359","673419303217","26.2","14.1","7.2","0.31","","","","7","","2179","394","4","4","X","0","20.0600","7.7300","","","","X","","1","1","0","0","1","","","","","","","","",""
"30768","42118","1","2021","Normal","Technic","Technical","Monster Jam","Monster Jam Grave Digger","X","42118-1","19.99","17.99","24.99","19.99","02/01/2021 00:00:00","05/02/2024 00:00:00","212","","","Box","Retail","6328589","6328590","5702016890815","673419336604","26.2","14.1","9.1","","11","24","11","7","","5624","595","3","11","X","4","29.2900","15.1500","","01/01/2021 00:00:00","31/12/2023 00:00:00","X","","1","1","0","0","1","","","","","","","","",""
"32097","42134","1","2022","Normal","Technic","Technical","Monster Jam","Monster Jam Megalodon","X","42134-1","19.99","17.99","24.99","19.99","02/01/2022 00:00:00","19/01/2024 00:00:00","260","","","Box","Retail","6379479","6379478","5702017154916","673419356602","26.2","14.1","9.1","","13","24","13","7","","4126","537","3","7","X","0","21.4400","12.2100","","01/01/2022 00:00:00","31/12/2023 00:00:00","X","","1","1","0","0","1","","","","","","","","",""
"34350","42149","1","2023","Normal","Technic","Technical","Monster Jam","Monster Jam Dragon","X","42149-1","19.99","17.99","24.99","19.99","03/12/2022 00:00:00","05/12/2024 00:00:00","217","","","Box","Retail","6420676","6420675","5702017400099","673419371186","26.2","14.1","9.1","","12","19","11","7","","2521","342","4","6","X","0","17.4900","8.9400","","01/01/2023 00:00:00","31/12/2024 00:00:00","X","","1","1","0","0","1","","","","","","","","",""
"50835","42197","1","2025","Normal","Technic","Technical","","Backhoe Loader","X","42197-1","9.99","8.99","12.99","9.99","11/12/2024 00:00:00","15/04/2026 00:00:00","104","","","Box","Retail","6518552","6518551","5702017802589","673419403108","15.7","14.1","4.5","0.167","10","24","9","7","","1578","296","2","10","X","13","9.4800","7.2100","","01/01/2025 00:00:00","31/12/2026 00:00:00","X","","1","1","0","0","1","","","","","","","","",""
"50838","42200","1","2025","Normal","Technic","Technical","Monster Jam","Monster Jam ThunderROARus Pull-Back","X","42200-1","27.99","22.99","34.99","27.99","11/12/2024 00:00:00","15/04/2026 00:00:00","232","","","Box","Retail","6526807","6526806","5702017816234","673419405454","26.2","14.1","9.1","0.437","12","18","11","7","","753","267","2","8","X","0","11.4500","","","01/01/2025 00:00:00","31/12/2026 00:00:00","X","","1","1","0","0","1","","","","","","","","",""
"23016","60047","1","2014","Normal","City","Modern day","Police","Police Station","X","60047-1","99.99","79.99","119.99","99.99","02/01/2014 00:00:00","27/11/2016 00:00:00","854","7","cty0452,cty0458,cty0481,cty0484,cty0485,cty0486,cty0487,","Box","Retail","6059049","6059048","5702015115605","673419206938","48.006","37.7952","11.2014","2.2019","","","","6","12","7804","2353","12","5","X","23","169.3900","55.4000","","01/01/2014 00:00:00","31/12/2016 00:00:00","X","","1","1","0","0","1","","","","","","","","",""
"24676","60107","1","2016","Normal","City","Modern day","Fire","Fire Ladder Truck","X","60107-1","24.99","17.99","29.99","19.99","02/01/2016 00:00:00","19/12/2018 00:00:00","214","2","cty0626,cty0627,","Box","Retail","6135826","6135747","5702015591768","673419247863","26.2128","19.1008","6.096","0.4036969","20","8","5","5","12","9538","1423","1","7","X","21","33.1100","15.3800","Pierre Normandin,","01/01/2016 00:00:00","31/12/2018 00:00:00","X","","1","1","0","0","1","","","","","","","","",""
"24684","60117","1","2016","Normal","City","Modern day","Great Outdoors","Van & Caravan","X","60117-1","19.99","17.99","24.99","19.99","02/01/2016 00:00:00","25/11/2017 00:00:00","250","2","cty0624,cty0625,","Box","Retail","6137153","6137106","5702015594783","673419249881","26.2128","19.1008","6.096","0.4263765","","","","5","12","13929","2014","4","11","X","51","37.9000","13.2700","","01/01/2016 00:00:00","31/12/2017 00:00:00","X","","1","1","0","0","1","","","","","","","","",""
"26419","60135","1","2017","Normal","City","Modern day","Police","ATV Arrest","X","60135-1","6.99","4.99","7.99","5.99","02/01/2017 00:00:00","27/11/2017 00:00:00","47","2","cty0776,cty0777,","Box","Retail","6174376","6174374","","673419263771","12.192","9.0932","4.699","0.07711064","5","5","4","5","12","3825","742","2","7","X","4","8.4100","4.1200","","01/01/2017 00:00:00","31/12/2017 00:00:00","X","","1","1","0","0","1","","","","","","","","",""
"26410","60147","1","2017","Normal","City","Modern day","Harbour","Fishing Boat","X","60147-1","19.99","17.99","24.99","19.99","27/11/2016 00:00:00","25/11/2017 00:00:00","144","2","cty0713,cty0714,","Box","Retail","6174474","6174473","5702015865739","673419264662","26.2128","19.1008","6.096","0.3447299","","","","5","12","5420","1730","2","8","X","22","56.7400","16.0600","","","","X","","1","1","0","0","1","","","","","","","","",""
"26550","60151","1","2017","Normal","City","Modern day","Racing","Dragster Transporter","X","60151-1","29.99","24.99","34.99","29.99","02/01/2017 00:00:00","24/11/2017 00:00:00","333","2","cty0749,cty0750,","Box","Retail","6174559","6174558","","673419264297","35.4076","19.1008","7.0104","0.6032774","","","","5","12","2973","1104","6","6","X","8","50.3800","29.5000","Henrik Andersen,","01/01/2017 00:00:00","31/12/2017 00:00:00","X","","1","1","0","0","1","","","","","","","","",""
"26796","60158","1","2017","Normal","City","Modern day","Jungle","Jungle Cargo Helicopter ","X","60158-1","19.99","15.99","29.99","19.99","29/05/2017 00:00:00","08/01/2019 00:00:00","201","2","cty0793,cty0794,","Box","Retail","6174577","6174576","5702015866057","673419264860","26.2128","19.1008","6.096","0.3719454","","","","6","12","4927","1057","4","8","X","12","33.6900","11.4600","","01/06/2017 00:00:00","31/12/2018 00:00:00","X","","1","1","0","0","1","","","","","","","","",""
"26792","60166","1","2017","Normal","City","Modern day","Coast Guard","Heavy-Duty Rescue Helicopter","X","60166-1","59.99","39.99","74.99","49.99","29/05/2017 00:00:00","27/12/2018 00:00:00","415","4","cty0826,cty0827,cty0828,cty0829,","Box","Retail","6174670","6174668","","673419265072","38.2016","26.2128","9.398","0.9207917","","","","6","12","2594","1349","6","10","X","10","71.4000","35.0400","Henrik Andersen,","01/06/2017 00:00:00","31/12/2018 00:00:00","X","","1","1","0","0","1","","","","","","","","",""
"27695","60177","1","2018","Normal","City","Modern day","Air Show","Airshow Jet","X","60177-1","9.99","7.99","12.99","9.99","01/01/2018 00:00:00","24/12/2018 00:00:00","87","1","cty0841,","Box","Retail","6208863","6208862","5702016075151","","15.7","13.9","6","","18","14","7","5","12","4605","706","2","5","X","14","19.3400","6.5600","Corvin Stichert,","01/01/2018 00:00:00","31/12/2018 00:00:00","X","","1","1","0","0","1","","","","","","","","",""
"27523","60180","1","2018","Normal","City","Modern day","Racing","Monster Truck","X","60180-1","19.99","14.99","24.99","19.99","26/11/2017 00:00:00","02/02/2020 00:00:00","192","1","cty0856,","Box","Retail","6209746","6209745","5702016077490","673419279802","26.2","19","6","0.381","","","","6","12","6484","857","2","5","X","13","23.5400","9.5800","","","","X","","1","1","0","0","1","","","","","","","","",""
"27848","60192","1","2018","Normal","City","Modern day","Arctic","Arctic Ice Crawler","X","60192-1","24.99","15.99","29.99","19.99","02/06/2018 00:00:00","17/01/2020 00:00:00","200","1","cty0928,","Box","Retail","6212392","6212391","5702016109450","673419280792","26.1","18.8","5.9","0.34","","","","6","12","4268","1152","4","4","X","4","37.1900","12.0900","","01/06/2018 00:00:00","31/12/2019 00:00:00","X","","1","1","0","0","1","","","","","","","","",""
"27851","60197","1","2018","Normal","City","Modern day","Trains","Passenger Train","X","60197-1","159.99","114.99","199.99","129.99","01/08/2018 00:00:00","15/06/2022 00:00:00","677","4","trn247,trn248,trn249,trn250,","Box","Retail","6212492","6212491","5702016109788","673419306317","57.8","37.4","8.2","2.046","","","","6","12","10968","2430","10","3","X","9","161.0700","109.8400","Pierre Normandin,","01/07/2018 00:00:00","31/07/2022 00:00:00","X","","1","1","0","0","1","","","","","","","","",""
"28431","60220","1","2019","Normal","City","Modern day","Traffic","Garbage Truck","X","60220-1","19.99","14.99","24.99","19.99","01/01/2019 00:00:00","10/12/2021 00:00:00","90","2","cty0956,cty0957,","Box","Retail","6251491","6251487","5702016369526","673419303538","26","19","6","0.312","","","","4","","5765","1033","2","6","X","4","21.7200","8.2300","","","","X","","1","1","0","0","1","","","","","","","","",""
"28428","60222","1","2019","Normal","City","Modern day","Traffic","Snow Groomer","X","60222-1","19.99","17.99","24.99","19.49","01/01/2019 00:00:00","14/11/2020 00:00:00","197","2","cty0990,cty0991,","Box","Retail","6251514","6251512","5702016369540","673419303651","26","19","6","0.387","10","18","12","6","","6877","1327","2","5","X","14","34.6500","14.0300","Corvin Stichert,","","","X","","1","1","0","0","1","","","","","","","","",""
"29039","60226","1","2019","Normal","City","Modern day","Mars Exploration","Mars Research Shuttle","X","60226-1","39.99","24.99","49.99","29.99","24/06/2019 00:00:00","10/12/2021 00:00:00","273","2","cty1063,cty1064,","Box","Retail","6251708","6251705","5702016369960","","28.2","26","7.3","0.609","","","","5","","7827","1492","6","5","X","12","40.2600","18.6700","","01/06/2019 00:00:00","31/12/2021 00:00:00","X","","1","1","0","0","1","","","","","","","","",""
"28471","60239","1","2019","Normal","City","Modern day","Sky Police","Police Patrol Car","X","60239-1","9.99","9.99","13.99","9.99","02/01/2019 00:00:00","08/12/2021 00:00:00","92","1","cty0981,","Box","Retail - limited","6259422","6259421","5702016396201","673419308991","15.7","14.1","4.5","0.15","12","4","5","5","","9044","972","2","4","X","25","11.4700","5.6600","Pierre Normandin,","01/01/2019 00:00:00","31/12/2021 00:00:00","X","","1","1","0","0","1","","","","","","","","",""
"28470","60240","1","2019","Normal","City","Modern day","Great Outdoors","Kayak Adventure","X","60240-1","9.99","9.99","13.99","9.99","02/01/2019 00:00:00","22/12/2019 00:00:00","84","1","cty0987,","Box","Retail - limited","6259411","6259408","5702016396188","673419308984","15.7","14.1","4.5","0.15","","","","5","","5780","1453","2","4","X","16","16.1900","8.3900","","01/01/2019 00:00:00","31/12/2019 00:00:00","X","","1","1","0","0","1","","","","","","","","",""
"29442","60252","1","2020","Normal","City","Modern day","Construction","Construction Bulldozer","X","60252-1","19.99","17.99","24.99","19.99","02/01/2020 00:00:00","12/11/2021 00:00:00","126","2","cty1161,cty1162,","Box","Retail","6288837","6288836","5702016617863","673419319201","16.1","18.8","6","0.355","","","","4","","3085","835","4","4","X","9","20.1700","10.1800","","01/01/2020 00:00:00","31/12/2021 00:00:00","X","","1","1","0","0","1","","","","","","","","",""
"29443","60253","1","2020","Normal","City","Modern day","Great Vehicles","Ice-Cream Truck","X","60253-1","19.99","17.99","24.99","19.99","02/01/2020 00:00:00","19/01/2024 00:00:00","200","2","cty1138,cty1139,","Box","Retail","6288839","6288838","5702016617870","673419319218","26","18.8","6","0.371","11","15","6","5","","15199","1759","4","5","X","17","20.5600","13.5400","","01/01/2020 00:00:00","31/12/2023 00:00:00","X","","1","1","0","0","1","","","","","","","","",""
"30820","60275","1","2021","Normal","City","Modern day","Police","Police Helicopter","X","60275-1","9.99","8.99","13.99","9.99","02/01/2021 00:00:00","14/11/2022 00:00:00","51","2","cty0981,cty1275,","Box","Retail","6332429","6332427","5702016912180","","15.7","14.1","6.1","0.127","12","8","5","4","","1764","299","2","8","X","0","12.4900","6.1900","","01/01/2021 00:00:00","31/12/2022 00:00:00","X","","1","1","0","0","1","","","","","","","","",""
"30821","60276","1","2021","Normal","City","Modern day","Police","Police Prisoner Transport","X","60276-1","29.99","17.99","39.99","19.99","02/01/2021 00:00:00","06/01/2023 00:00:00","244","4","cty1130,cty1256,cty1257,cty1258,","Box","Retail","6332432","6332431","5702016912197","","26.2","19.1","7.2","0.441","13","8","6","5","","2579","542","4","9","X","0","28.7800","13.0500","Robert Heim,","01/01/2021 00:00:00","31/12/2022 00:00:00","X","","1","1","0","0","1","","","","","","","","",""
"30822","60279","1","2021","Normal","City","Modern day","Fire","Fire Hazard Truck","X","60279-1","9.99","8.99","13.99","9.99","02/01/2021 00:00:00","10/12/2021 00:00:00","87","1","cty1264,","Box","Retail","6332411","6332409","5702016912043","","15.7","14.1","4.5","0.131","10","6","5","5","","2196","397","2","9","X","0","10.6800","2.3000","Lewis Johnson,","01/01/2021 00:00:00","31/12/2021 00:00:00","X","","1","1","0","0","1","","","","","","","","",""
"30823","60280","1","2021","Normal","City","Modern day","Fire","Fire Ladder Truck","X","60280-1","29.99","17.99","39.99","19.99","02/01/2021 00:00:00","20/11/2022 00:00:00","88","2","cty1254,cty1255,","Box","Retail","6332415","6332414","5702016911534","","26.2","19.1","6.1","0.311","16","9","7","4","","1017","328","4","10","X","0","21.4500","13.4200","","01/01/2021 00:00:00","31/12/2022 00:00:00","X","","1","1","0","0","1","","","","","","","","",""
"30813","60287","1","2021","Normal","City","Modern day","Great Vehicles","Tractor","X","60287-1","19.99","17.99","24.99","19.99","02/01/2021 00:00:00","16/11/2024 00:00:00","148","2","cty1226,cty1227,","Box","Retail","6327971","6327969","5702016889727","673419336727","26.2","19.1","6.1","0.342","10","17","7","5","","10168","1366","2","10","X","13","18.6100","11.7300","Robert Heim,","01/01/2021 00:00:00","31/12/2024 00:00:00","X","","1","1","0","0","1","","","","","","","","",""
"31344","60297","1","2021","Normal","City","Modern day","Stuntz","Demolition Stunt Bike","X","60297-1","7.99","6.99","9.99","7.99","02/10/2021 00:00:00","02/12/2022 00:00:00","12","1","cty1318,","Box","Retail","6332528","6332527","5702016912715","","9.1","12.2","4.7","0.046","3","6","2","5","","3893","496","2","10","X","7","6.0100","3.2500","","01/10/2021 00:00:00","31/07/2022 00:00:00","X","","1","1","0","0","1","","","","","","","","",""
"31464","60310","1","2021","Normal","City","Modern day","Stuntz","Chicken Stunt Bike","X","60310-1","7.99","6.99","9.99","7.99","23/11/2021 00:00:00","17/12/2022 00:00:00","10","1","cty1398,","Box","Retail","6351020","6351016","5702017024226","","9.1","12.2","4.7","0.044","3","6","2","5","","4997","682","2","6","X","10","7.7800","4.0100","","01/10/2021 00:00:00","31/12/2022 00:00:00","X","","1","1","0","0","1","","","","","","","","",""
"31906","60320","1","2022","Normal","City","Modern day","Fire","Fire Station","X","60320-1","69.99","54.99","89.99","59.99","02/01/2022 00:00:00","19/01/2024 00:00:00","540","5","cty1288,cty1369,cty1370,cty1371,cty1372,","Box","Retail","6379618","6379617","5702017161518","673419359092","35.4","37.8","9.4","1.357","30","34","32","6","","1633","693","6","8","X","4","51.2000","22.6700","","01/01/2022 00:00:00","31/12/2023 00:00:00","X","","1","1","0","0","1","","","","","","","","",""
"31910","60324","1","2022","Normal","City","Modern day","Great Vehicles","Mobile Crane","X","60324-1","39.99","39.99","49.99","44.99","02/01/2022 00:00:00","05/02/2024 00:00:00","340","2","cty1404,cty1405,","Box","Retail","6371131","6371130","5702017117607","673419352123","38.2","26.2","5.7","0.704","25","9","8","7","","5587","1338","2","6","X","24","51.0400","46.2300","Robert Heim,","01/01/2022 00:00:00","31/12/2023 00:00:00","X","","1","1","0","0","1","","","","","","","","",""
"33679","60352","1","2022","Normal","City","Modern day","Seasonal","LEGO City Advent Calendar","X","60352-1","34.99","21.99","44.99","24.99","03/08/2022 00:00:00","01/04/2023 00:00:00","287","6","cty1480,cty1503,cty1504,cty1505,cty1506,hol284,","Box","Retail","6379687","6379686","5702017161839","","37.8","25.8","7","0.44","26","38","7","5","","3634","410","1","6","X","4","22.2500","11.4000","","01/09/2022 00:00:00","31/12/2022 00:00:00","X","","1","1","0","0","1","","","","","","","","",""
"34297","60393","1","2023","Normal","City","Modern day","Fire","4x4 Fire Truck Rescue","X","60393-1","9.99","8.99","13.99","9.99","03/12/2022 00:00:00","19/01/2024 00:00:00","97","1","cty1544,","Box","Retail","6425878","6425877","5702017416588","673419375252","15.7","14.1","4.5","0.158","5","9","5","5","","2094","428","2","6","X","4","11.2300","7.3000","","01/01/2023 00:00:00","31/12/2023 00:00:00","X","","1","1","0","0","1","","","","","","","","",""
"48912","60407","1","2024","Normal","City","Modern day","Traffic","Double-Decker Sightseeing Bus ","X","60407-1","29.99","24.99","39.99","29.99","11/05/2024 00:00:00","15/04/2026 00:00:00","384","5","cty1769,cty1770,cty1771,cty1772,njo0446,","Box","Retail","6470778","6470777","5702017582894","673419388429","26.2","22.2","7.6","0.593","11","21","6","7","","4623","1197","2","10","X","15","19.2700","13.5000","Salvatore Sciuto,","01/06/2024 00:00:00","31/12/2026 00:00:00","X","","1","1","0","0","1","","","","","","","","",""
"25621","70589","1","2016","Normal","Ninjago","Action/Adventure","Day of the Departed","Rock Roader","X","70589-1","39.99","39.99","49.99","39.99","01/08/2016 00:00:00","19/11/2017 00:00:00","406","4","njo0222,njo0262,njo0263,njo0264,","Box","Retail","6144771","6144770","","673419254502","38.2016","26.2128","5.6388","0.6441007","","","","8","14","2541","1284","4","10","X","14","88.7300","43.7600","Nick Vas,","01/06/2016 00:00:00","31/12/2017 00:00:00","X","","1","1","0","0","1","","","","","","","","",""
"26853","71017","4","2017","Normal","Collectable Minifigures","Miscellaneous","The LEGO Batman Movie Series","Clan of the Cave Batman","X","71017-4","3.99","2.99","","","","","7","1","coltlbm04,","Foil pack","Retail","6174877","6174875","","","11.9888","8.9916","0.2032","0.00907184","","","","5","","8534","968","0","0","X","8","4.2500","2.9900","","01/01/2017 00:00:00","30/04/2017 00:00:00","X","","1","1","0","0","1","","","","","","","","",""
"27139","71018","1","2017","Normal","Collectable Minifigures","Miscellaneous","Series 17","Pro Surfer","X","71018-1","3.99","","","","","","6","1","col286,","Foil pack","Retail","6174884","6174882","5702015866811","673419265614","11.9888","8.9916","0.2032","0.00907184","","","","5","","6483","1198","2","6","X","18","5.8400","3.9700","","01/05/2017 00:00:00","31/07/2017 00:00:00","X","","1","1","0","0","1","","","","","","","","",""
"27142","71018","4","2017","Normal","Collectable Minifigures","Miscellaneous","Series 17","Corn Cob Guy","X","71018-4","3.99","","","","","","5","1","col289,","Foil pack","Retail","6174884","6174882","","","11.9888","8.9916","0.2032","0.00907184","","","","5","","9487","1355","0","0","X","19","5.8500","4.2300","","01/05/2017 00:00:00","31/07/2017 00:00:00","X","","1","1","0","0","1","","","","","","","","",""
"27151","71018","13","2017","Normal","Collectable Minifigures","Miscellaneous","Series 17","Rocket Boy","X","71018-13","3.99","","","","","","7","1","col298,","Foil pack","Retail","6174884","6174882","","","11.9888","8.9916","0.2032","0.00907184","","","","5","","8478","1786","0","0","X","25","18.4400","19.5300","","01/05/2017 00:00:00","31/07/2017 00:00:00","X","","1","1","0","0","1","","","","","","","","",""
"27152","71018","14","2017","Normal","Collectable Minifigures","Miscellaneous","Series 17","Dance Instructor","X","71018-14","3.99","","","","","","7","1","col299,","Foil pack","Retail","6174884","6174882","","","11.9888","8.9916","0.2032","0.00907184","","","","5","","6443","952","0","0","X","8","3.9100","3.2300","","01/05/2017 00:00:00","31/07/2017 00:00:00","X","","1","1","0","0","1","","","","","","","","",""
"27153","71018","15","2017","Normal","Collectable Minifigures","Miscellaneous","Series 17","Elf Maiden","X","71018-15","3.99","","","","","","7","1","col300,","Foil pack","Retail","6174884","6174882","","","11.9888","8.9916","0.2032","0.00907184","","","","5","","6726","1622","0","0","X","18","7.3500","5.7600","","01/05/2017 00:00:00","31/07/2017 00:00:00","X","","1","1","0","0","1","","","","","","","","",""
"48744","71045","9","2024","Normal","Collectable Minifigures","Miscellaneous","Series 25","Harpy","X","71045-9","4.99","3.49","","3.99","","","12","1","col432,","Box","Retail","6470839","6470837","","","9.4","10.6","2.8","","","","","5","","5074","583","0","0","X","4","","","","01/01/2024 00:00:00","30/04/2024 00:00:00","X","","2","2","0","0","1","","","","","","","","",""
"49070","71046","1","2024","Normal","Collectable Minifigures","Miscellaneous","Series 26 - Space","Spacewalking Astronaut","X","71046-1","4.99","3.49","","3.99","","","16","1","col436,","Box","Retail","6470842","6470840","","","9.4","10.6","2.8","","","","","5","","5678","763","2","0","X","5","4.4100","","","01/05/2024 00:00:00","31/08/2024 00:00:00","X","","1","1","0","0","1","","","","","","","","",""
"49071","71046","2","2024","Normal","Collectable Minifigures","Miscellaneous","Series 26 - Space","Imposter","X","71046-2","4.99","3.49","","3.99","","","8","1","col437,","Box","Retail","6470842","6470840","","","9.4","10.6","2.8","","","","","5","","5117","466","0","0","X","4","48.6600","40.0300","","01/05/2024 00:00:00","31/08/2024 00:00:00","X","","1","1","0","0","1","","","","","","","","",""
"49077","71046","8","2024","Normal","Collectable Minifigures","Miscellaneous","Series 26 - Space","Ice Planet Explorer","X","71046-8","4.99","3.49","","3.99","","","10","1","col444,","Box","Retail","6470842","6470840","","","9.4","10.6","2.8","","","","","5","","6175","774","0","0","X","10","","","Chris Perron,","01/05/2024 00:00:00","31/08/2024 00:00:00","X","","1","1","0","0","1","","","","","","","","",""
"50806","71049","1","2025","Normal","Collectable Minifigures","Miscellaneous","Formula 1 Series","Red Bull","X","71049-1","3.99","3.49","","3.99","","","29","","","Box","Retail","6526892","6526890","","","9.4","10.6","2.8","","","","","","","2106","152","2","0","X","0","4.2900","","","01/05/2025 00:00:00","31/08/2025 00:00:00","X","","1","1","0","0","1","","","","","","","","",""
"50816","71049","11","2025","Normal","Collectable Minifigures","Miscellaneous","Formula 1 Series","F1 Academy","X","71049-11","3.99","3.49","","3.99","","","29","","","Box","Retail","6526892","6526890","","","9.4","10.6","2.8","","","","","","","1921","162","0","0","X","0","","","","01/05/2025 00:00:00","31/08/2025 00:00:00","X","","1","1","0","0","1","","","","","","","","",""
"30193","71360","1","2020","Normal","Super Mario","Licensed","Starter Course","Adventures with Mario","X","71360-1","59.99","54.99","74.99","59.99","21/05/2020 00:00:00","25/07/2024 00:00:00","231","3","mar0003,mar0007,mar0022,","Box","Retail","6288910","6288909","5702016618396","673419318327","31.7","26.2","9","","","","","6","","11791","632","8","24","X","24","32.3000","20.7200","","10/07/2020 00:00:00","31/07/2024 00:00:00","X","","1","1","0","0","1","","","","","","","","",""
"30795","71381","1","2021","Normal","Super Mario","Licensed","Expansion Set","Chain Chomp Jungle Encounter","X","71381-1","19.99","19.99","24.99","19.99","02/01/2021 00:00:00","24/02/2022 00:00:00","160","2","mar0057,mar0058,","Box","Retail","6332704","6332703","5702016912463","","26.2","14.1","6.1","","10","21","15","7","","2709","584","3","14","X","0","20.8100","8.9300","","01/01/2021 00:00:00","31/12/2021 00:00:00","X","","1","1","0","0","1","","","","","","","","",""
"30992","71386","1","2021","Normal","Super Mario","Licensed","Character Pack - Series 2","Huckit Crab","X","71386-1","4.99","3.49","","3.99","","","24","1","mar0050,","Foil pack","Retail","6332714","6332713","5702016913378","673419340021","9.5","15","0.7","","","","","","","1844","432","20","0","X","0","5.2300","2.8400","","01/01/2021 00:00:00","31/07/2021 00:00:00","X","","1","1","0","0","1","","","","","","","","",""
"31006","71386","2","2021","Normal","Super Mario","Licensed","Character Pack - Series 2","Spiny Cheep Cheep","X","71386-2","4.99","3.49","4.99","3.99","02/01/2021 00:00:00","08/07/2021 00:00:00","25","1","mar0055,","Foil pack","Retail","6332714","6332713","5702016913378","","9.5","15","0.7","","","","","","","1777","444","0","0","X","0","5.4100","45.7200","","01/01/2021 00:00:00","31/07/2021 00:00:00","X","","1","1","0","0","1","","","","","","","","",""
"30994","71386","4","2021","Normal","Super Mario","Licensed","Character Pack - Series 2","Foo","X","71386-4","4.99","3.49","","3.99","","","33","1","mar0056,","Foil pack","Retail","6332714","6332713","","","9.5","15","0.7","","","","","","","1719","413","0","0","X","0","5.6800","2.5400","","01/01/2021 00:00:00","31/07/2021 00:00:00","X","","1","1","0","0","1","","","","","","","","",""
"32196","71403","1","2022","Normal","Super Mario","Licensed","Starter Course","Adventures with Peach","X","71403-1","59.99","54.99","74.99","59.99","26/07/2022 00:00:00","01/12/2024 00:00:00","354","4","mar0038,mar0112,mar0113,mar0114,","Box","Retail","6379536","6379535","5702017155234","673419357098","31.7","26.2","9","","","","","6","","3084","534","7","9","X","0","31.6900","25.4500","","01/08/2022 00:00:00","31/07/2024 00:00:00","X","","1","1","0","0","1","","","","","","","","",""
"48418","71471","1","2024","Normal","Dreamzzz","Action/Adventure","Season 2: Night of the Never Witch","Mateo's Off-Road Car","X","71471-1","9.99","8.99","13.99","9.99","06/12/2023 00:00:00","05/12/2024 00:00:00","94","1","drm041,","Box","Retail","6470363","6470362","5702017584195","673419389259","15.7","14.1","4.5","","12","5","9","7","","1477","318","2","9","X","0","8.0300","","","01/01/2024 00:00:00","31/12/2024 00:00:00","X","","1","1","0","0","1","","","","","","","","",""
"29414","71708","1","2020","Normal","Ninjago","Action/Adventure","Prime Empire","Gamer's Market","X","71708-1","29.99","29.99","39.99","34.99","02/01/2020 00:00:00","02/08/2021 00:00:00","218","9","njo0558,njo0559,njo0560,njo0561,njo0562,njo0563,njo0564,njo0565,njo0566,","Box","Retail","6288958","6288957","5702016616941","673419318150","26.2","19.1","6.1","0.316","","","","7","","4589","1183","2","5","X","20","82.1900","54.9300","Michael Svane Knap,","01/01/2020 00:00:00","31/07/2021 00:00:00","X","","1","1","0","0","1","","","","","","","","",""
"30785","71745","1","2021","Normal","Ninjago","Action/Adventure","The Island","Lloyd's Jungle Chopper Bike","X","71745-1","19.99","17.99","24.99","19.99","01/03/2021 00:00:00","29/10/2022 00:00:00","183","3","njo0682,njo0683,njo0685,","Box","Retail","6327841","6327840","5702016889239","673419336574","26.2","19.1","6.1","","16","21","6","7","","3099","761","2","5","X","5","29.5600","14.7000","Theo Bonner,","01/03/2021 00:00:00","31/12/2022 00:00:00","X","","1","1","0","0","1","","","","","","","","",""
"32432","71768","1","2022","Normal","Ninjago","Action/Adventure","Crystalized","Jay's Golden Dragon Motorbike","X","71768-1","19.99","17.99","24.99","19.99","26/07/2022 00:00:00","01/03/2024 00:00:00","137","2","njo0754,njo0755,","Box","Retail","6378910","6378843","5702017152004","673419355315","26.2","14.1","6.1","","18","6","5","7","","3073","590","2","7","X","8","22.3900","16.6000","Niek van Slagmaat,","01/06/2022 00:00:00","31/12/2023 00:00:00","X","","1","1","0","0","1","","","","","","","","",""
"45517","71778","1","2023","Normal","Ninjago","Action/Adventure","Dragon Power Spinjitzu","Nya's Dragon Power Spinjitzu Drift","X","71778-1","10.99","8.99","13.99","9.99","11/05/2023 00:00:00","01/03/2024 00:00:00","57","1","njo0809,","Box","Retail","6425910","6425909","5702017412979","673419373784","21","19.5","4.5","","5","7","9","","","1645","302","2","6","X","0","9.8300","6.7500","","01/06/2023 00:00:00","31/12/2023 00:00:00","X","","1","1","0","0","1","","","","","","","","",""
"34252","71782","1","2023","Normal","Ninjago","Action/Adventure","Core","Cole's Earth Dragon EVO","X","71782-1","34.99","29.99","44.99","34.99","01/12/2022 00:00:00","06/12/2024 00:00:00","285","2","njo0720,njo0794,","Box","Retail","6420694","6420693","5702017399690","673419371971","26.2","19.1","6.1","","","","","7","","1735","577","3","6","X","3","29.5100","19.3900","","01/01/2023 00:00:00","31/12/2024 00:00:00","X","","1","1","0","0","1","","","","","","","","",""
"34254","71784","1","2023","Normal","Ninjago","Action/Adventure","Core","Jay's Lightning Jet EVO","X","71784-1","9.99","8.99","13.99","9.99","01/12/2022 00:00:00","26/11/2024 00:00:00","146","1","njo0786,","Box","Retail","6425916","6425915","5702017413006","673419373814","19.1","14.1","7.1","","22","21","6","","","2016","341","3","5","X","5","11.2400","8.8000","Chi Wing Lee,","01/01/2023 00:00:00","31/12/2024 00:00:00","X","","1","1","0","0","1","","","","","","","","",""
"34259","71788","1","2023","Normal","Ninjago","Action/Adventure","Core","Lloyd's Ninja Street Bike","X","71788-1","9.99","8.99","13.99","9.99","01/12/2022 00:00:00","29/11/2024 00:00:00","64","2","njo0715,njo0798,","Box","Retail","6420696","6420695","5702017399706","673419371988","15.7","14.1","6.1","","","","","4","","1193","301","3","7","X","0","9.6900","2.9500","","01/01/2023 00:00:00","31/12/2024 00:00:00","X","","1","1","0","0","1","","","","","","","","",""
"45521","71791","1","2023","Normal","Ninjago","Action/Adventure","Dragons Rising Season 1","Zane's Dragon Power Spinjitzu Race Car","X","71791-1","34.99","29.99","39.99","34.99","11/05/2023 00:00:00","17/11/2024 00:00:00","307","4","njo0816,njo0817,njo0818,njo0819,","Box","Retail","6425931","6425930","5702017413068","673419375665","26.2","22.2","7.6","","20","12","6","7","","1737","452","2","8","X","18","32.8300","21.2800","","01/06/2023 00:00:00","31/12/2024 00:00:00","X","","1","1","0","0","1","","","","","","","","",""
"48499","71803","1","2024","Normal","Ninjago","Action/Adventure","Rising Dragon Strike","Arin's Rising Dragon Strike","X","71803-1","9.99","8.99","13.99","9.99","06/12/2023 00:00:00","24/11/2024 00:00:00","27","2","njo0851,njo0866,","Box","Retail","6465064","6465063","5702017565538","673419387125","19","22","7","","18","18","2","","","993","302","2","6","X","3","11.3800","8.5100","","01/01/2024 00:00:00","31/12/2024 00:00:00","X","","1","1","0","0","1","","","","","","","","",""
"48503","71807","1","2024","Normal","Ninjago","Action/Adventure","Dragons Rising Season 2","Sora's Elemental Tech Mech","X","71807-1","19.99","17.99","24.99","19.99","06/12/2023 00:00:00","08/12/2025 00:00:00","209","2","njo0855,njo0869,","Box","Retail","6470389","6470388","5702017583839","673419389013","19.1","26.2","6.1","","","","","7","","1867","505","2","6","X","0","18.4300","12.7800","","01/01/2024 00:00:00","31/12/2025 00:00:00","X","","1","1","0","0","1","","","","","","","","",""
"29354","75254","1","2019","Normal","Star Wars","Licensed","The Mandalorian","AT-ST Raider","X","75254-1","49.99","49.99","69.99","59.99","04/10/2019 00:00:00","14/01/2022 00:00:00","540","4","sw1057,sw1058,sw1059,sw1060,","Box","Retail","6251755","6251754","5702016370768","673419304399","26.2","38.2","7.1","","25","15","13","8","","21494","2903","2","4","X","31","41.2200","28.1200","Hans Burkhard Schlömer,","04/10/2019 00:00:00","31/12/2021 00:00:00","X","","1","1","0","0","1","","","","","","","","",""
"34370","75347","1","2023","Normal","Star Wars","Licensed","Episode VI","TIE Bomber","X","75347-1","64.99","59.99","84.99","64.99","20/12/2022 00:00:00","15/04/2026 00:00:00","625","4","sw1249,sw1250,sw1251,sw1252,","Box","Retail","6427680","6427679","5702017421322","673419376914","38.2","26.2","7.1","","10","16","20","9","","17442","2891","3","9","X","18","43.0500","33.0100","Hans Burkhard Schlömer,","01/01/2023 00:00:00","31/07/2026 00:00:00","X","","1","1","0","0","1","","","","","","","","",""
"48520","75372","1","2024","Normal","Star Wars","Licensed","The Clone Wars","Clone Trooper & Battle Droid Battle Pack","X","75372-1","29.99","24.99","39.99","29.99","06/12/2023 00:00:00","15/04/2026 00:00:00","215","9","sw0001d,sw1305,sw1319,sw1320,sw1321,","Box","Retail","6470418","6470417","5702017584317","673419389457","20.5","19.1","4.6","","12","15","13","7","","16054","2181","4","8","X","45","18.3400","12.5500","Nathan Clark,","01/01/2024 00:00:00","31/12/2026 00:00:00","X","","1","1","0","0","1","","","","","","","","",""
"48528","75387","1","2024","Normal","Star Wars","Licensed","Episode IV","Boarding the Tantive IV","X","75387-1","54.99","49.99","69.99","54.99","31/01/2024 00:00:00","16/10/2025 00:00:00","502","7","sw1249,sw1285,sw1326,sw1327,sw1328,sw1329,","Box","Retail","6470442","6470441","5702017584430","673419389570","35.4","19.1","9.1","","22","13","8","8","","16205","2682","2","8","X","18","47.2800","28.0700","Nathan Clark,","01/03/2024 00:00:00","31/12/2025 00:00:00","X","","1","1","0","0","1","","","","","","","","",""
"48874","75396","1","2024","Normal","Star Wars","Licensed","Episode VI","Desert Skiff & Sarlacc Pit","X","75396-1","79.99","69.99","99.99","79.99","02/07/2024 00:00:00","22/11/2025 00:00:00","558","6","sw0532,sw1274,sw1369,sw1370,sw1371,sw1372,","Box","Retail","6470456","6470455","5702017584492","673419389631","28.2","26.2","7.6","","22","13","9","9","","8690","2502","4","10","X","4","80.7700","66.8100","Jme Wheeler,","01/08/2024 00:00:00","31/12/2025 00:00:00","X","","1","1","0","0","1","","","","","","","","",""
"51091","75399","1","2025","Normal","Star Wars","Licensed","Andor","Rebel U-wing Starfighter","X","75399-1","69.99","59.99","89.99","69.99","16/04/2025 00:00:00","15/04/2026 00:00:00","594","4","sw1409,sw1410,sw1411,sw1412,","Box","Retail","6527513","6527512","5702017817439","673419405980","35.4","19.1","9.1","","41","16","9","8","","5390","2258","2","7","X","4","57.4800","44.2400","César Soares,","01/05/2025 00:00:00","31/12/2026 00:00:00","X","","1","1","0","0","1","","","","","","","","",""
"51099","75418","1","2025","Normal","Star Wars","Licensed","Seasonal","LEGO Star Wars Advent Calendar 2025","X","75418-1","44.99","29.99","59.99","34.99","02/05/2025 00:00:00","10/02/2026 00:00:00","263","16","sw1211,sw1321,sw1397,sw1439,sw1440,sw1441,sw1442,sw1443,sw1444,sw1445,sw1446,sw1447,sw1448,sw1449,sw1450,sw1451,","Box","Retail","6527545","6527544","5702017816906","673419405409","","","","","","","","6","","5090","848","1","2","X","8","30.8500","","","01/09/2025 00:00:00","31/12/2025 00:00:00","X","","1","1","0","0","1","","","","","","","","",""
"51838","75436","1","2026","Normal","Star Wars","Licensed","The Mandalorian","The Mandalorian & Grogu's Speeder Bike","X","75436-1","9.99","8.99","12.99","9.99","03/12/2025 00:00:00","15/04/2026 00:00:00","58","2","sw1113,sw1488,","Box","Retail","6588611","6588610","5702018062951","673419422239","14.1","12.2","4.6","","11","3","3","6","","2522","1359","2","10","X","4","10.1200","","Benjamin Liboriussen,","01/01/2026 00:00:00","31/12/2027 00:00:00","X","","1","1","0","0","1","","","","","","","","",""
"29396","76140","1","2020","Normal","Marvel Super Heroes","Licensed","Avengers","Iron Man Mech","X","76140-1","9.99","8.99","13.99","9.99","02/01/2020 00:00:00","28/09/2021 00:00:00","148","1","sh0612,","Box","Retail","6289052","6289051","5702016618020","673419320221","14.1","19.1","4.6","0.16","12","9","9","6","","8340","926","1","5","X","10","16.7800","7.8300","Junya Suzuki,","01/01/2020 00:00:00","31/12/2021 00:00:00","X","","1","1","0","0","1","","","","","","","","",""
"31979","76204","1","2022","Normal","Marvel Super Heroes","Licensed","Avengers","Black Panther Mech Armor","X","76204-1","9.99","8.99","13.99","9.99","02/04/2022 00:00:00","03/12/2022 00:00:00","124","1","sh0807,","Box","Retail","6378947","6378880","5702017154206","","14.1","15.7","4.5","","","","","7","","5061","806","2","7","X","0","13.3900","8.3700","Junya Suzuki,","01/04/2022 00:00:00","31/12/2022 00:00:00","X","","1","1","0","0","1","","","","","","","","",""
"33663","76226","1","2022","Normal","Marvel Super Heroes","Licensed","Spider-Man","Spider-Man Figure","X","76226-1","24.99","24.99","34.99","29.99","03/08/2022 00:00:00","24/11/2024 00:00:00","258","","","Box","Retail","6378963","6378896","5702017154664","673419356596","19.1","26.2","6.1","","","","","8","","1844","467","2","5","X","0","24.9100","16.4700","Junya Suzuki,","01/09/2022 00:00:00","31/12/2024 00:00:00","X","","1","1","0","0","1","","","","","","","","",""
"34261","76241","1","2023","Normal","Marvel Super Heroes","Licensed","Avengers","Hulk Mech Armor","X","76241-1","14.99","12.99","19.99","14.99","02/12/2022 00:00:00","07/12/2024 00:00:00","138","1","sh0857,","Box","Retail","6427716","6427715","5702017419619","673419376563","14.1","19.1","4.6","","","","","","","3532","536","2","7","X","3","14.7300","7.5300","Junya Suzuki,","01/01/2023 00:00:00","31/12/2024 00:00:00","X","","1","1","0","0","1","","","","","","","","",""
"34263","76243","1","2023","Normal","Marvel Super Heroes","Licensed","Avengers","Rocket Mech Armor","X","76243-1","14.99","12.99","19.99","14.99","02/12/2022 00:00:00","07/12/2024 00:00:00","98","1","sh0858,","Box","Retail","6427720","6427719","5702017419633","673419376587","14.1","19.1","4.6","","","","","","","3690","636","2","7","X","0","14.3500","8.6700","Junya Suzuki,","01/01/2023 00:00:00","31/12/2024 00:00:00","X","","1","1","0","0","1","","","","","","","","",""
"45511","76267","1","2023","Normal","Marvel Super Heroes","Licensed","Seasonal","Avengers Advent Calendar","X","76267-1","44.99","29.99","59.99","37.99","22/08/2023 00:00:00","14/06/2024 00:00:00","243","7","sh0826,sh0847,sh0904,sh0905,sh0907,sh0908,sh0909,","Box","Retail","6427768","6427767","5702017419848","673419374996","38.2","26.2","7.1","","","","","7","","3853","509","1","5","X","3","32.2700","18.5000","","01/09/2023 00:00:00","31/12/2023 00:00:00","X","","1","1","0","0","1","","","","","","","","",""
"30790","76383","1","2021","Normal","Harry Potter","Licensed","Hogwarts Moments","Hogwarts Moment: Potions Class","X","76383-1","29.99","24.99","39.99","29.99","14/01/2021 00:00:00","19/11/2022 00:00:00","271","3","hp266,hp267,hp268,","Box","Retail","6332775","6332774","5702016912944","","19.1","26.2","6.1","","12","8","4","8","","13796","1867","2","13","X","5","27.6000","19.9700","","01/01/2021 00:00:00","31/12/2022 00:00:00","X","","1","1","0","0","1","","","","","","","","",""
"48832","76434","1","2024","Normal","Harry Potter","Licensed","Chamber of Secrets","Aragog in the Forbidden Forest ","X","76434-1","19.99","17.99","24.99","19.99","03/05/2024 00:00:00","18/12/2025 00:00:00","195","2","hp495,hp496,","Box","Retail","6474618","6474617","5702017599519","673419393546","26.2","14.1","4.8","","16","18","7","7","","4119","1177","2","8","X","4","16.5000","13.3700","Atticus,","01/06/2024 00:00:00","31/12/2025 00:00:00","X","","1","1","0","0","1","","","","","","","","",""
"48515","76920","1","2024","Normal","Speed Champions","Licensed","Ford","Ford Mustang Dark Horse","X","76920-1","26.99","20.99","34.99","26.99","02/12/2023 00:00:00","25/03/2026 00:00:00","344","1","sc114,","Box","Retail","6470541","6470539","5702017583730","673419389075","26.2","14.1","7.2","","15","4","7","9","","8986","1450","2","2","X","10","20.5800","14.7100","Marin Stipkovic,","01/03/2024 00:00:00","31/12/2025 00:00:00","X","","1","1","0","0","1","","","","","","","","",""
"51121","77237","1","2025","Normal","Speed Champions","Licensed","Dodge","Dodge Challenger SRT Hellcat","X","77237-1","26.99","22.99","34.99","26.99","02/05/2025 00:00:00","15/04/2026 00:00:00","390","1","sc137,","Box","Retail","6526986","6526985","5702017816043","673419405225","26.2","14.1","9.1","","17","4","7","9","","3843","1687","2","6","X","10","19.8300","17.6100","Leon Pijnenburg,","01/08/2025 00:00:00","31/07/2027 00:00:00","X","","1","1","0","0","1","","","","","","","","",""
"29284","111901","1","2019","Other","Ninjago","Action/Adventure","Magazine Gift","Garmadon","X","111901-1","","","","","","","10","1","njo0505,","Foil pack","Magazine gift","","","","","","","","","","","","","","691","279","0","0","X","0","9.7100","6.8800","","","","X","","1","1","0","0","1","","","","","","","","",""
"51242","112502","1","2025","Other","Ninjago","Action/Adventure","Magazine Gift","Kai vs. Wolf Mask","X","112502-1","","","","","","","11","2","njo0895,njo0947,","Metal canister","Magazine gift","","","","","","","","","","","","","","316","87","0","0","X","0","5.4500","","","","","X","","1","1","0","0","1","","","","","","","","",""
"28252","121802","1","2018","Other","Jurassic World","Licensed","Magazine Gift","Owen and lookout post","X","JW121802-1","","","","","","","35","1","jw023,","Foil pack","Magazine gift","","","","","","","","","","","","","","1134","411","0","0","X","7","4.6700","0.4700","Samuel Johnson,","","","X","","1","1","0","0","1","","","","","","","","",""
"33560","122219","1","2022","Other","Jurassic World","Licensed","Magazine Gift","Raptor with Hatchery","X","122219-1","","","","","","","37","","","Foil pack","Magazine gift","","","","","","","","","","","","6","","547","356","0","0","X","0","4.1800","2.3500","","","","X","","1","1","0","0","1","","","","","","","","","https://www.blue-ocean-ag.com/fileadmin/Bauanleitungen/LEGO_Jurassic_World/122219_LEGO-Jurassic_World.pdf"
"34549","122327","1","2023","Other","Jurassic World","Licensed","Magazine Gift","Baby Raptor","X","122327-1","","","","","","","20","","","Paper bag","Magazine gift","","","","","","","","","","","","6","","559","247","0","0","X","0","3.9700","1.7900","","","","X","","1","1","0","0","1","","","","","","","","",""
"29216","211902","1","2019","Other","DC Comics Super Heroes","Licensed","Magazine Gift","Robin","X","211902-1","","","","","","","7","1","sh0514,","Foil pack","Magazine gift","","","","","","","","","","","","","","1216","515","0","0","X","0","8.3300","3.2100","Justin Ramsden,","","","X","","1","1","0","0","1","","","","","","","","",""
"29496","211904","1","2019","Other","DC Comics Super Heroes","Licensed","Magazine Gift","The Flash","X","211904-1","","","","","","","6","1","sh0473,","Foil pack","Magazine gift","","","","","","","","","","","","6","","1216","431","0","0","X","0","13.3200","6.2300","Justin Ramsden,","","","X","","1","1","0","0","1","","","","","","","","",""
"29598","211905","1","2019","Other","DC Comics Super Heroes","Licensed","Magazine Gift","Joker","X","211905-1","","","","","","","9","1","sh0515,","Foil pack","Magazine gift","","","","","","","","","","","","","","1082","367","0","0","X","0","4.5800","2.9500","Justin Ramsden,","","","X","","1","1","0","0","1","","","","","","","","",""
"30363","212009","1","2020","Other","DC Comics Super Heroes","Licensed","Magazine Gift","The Riddler","X","212009-1","","","","","","","10","1","sh0593,","Foil pack","Magazine gift","","","","","","","","","","","","","","719","480","0","0","X","0","5.2800","3.7400","Justin Ramsden,","","","X","","1","1","0","0","1","","","","","","","","",""
"30661","212010","1","2020","Other","DC Comics Super Heroes","Licensed","Magazine Gift","Batman","X","212010-1","","","","","","","14","1","sh0663,","Foil pack","Magazine gift","","","","","","","","","","","","","","1020","345","0","0","X","0","3.4200","4.6800","Justin Ramsden,","","","X","","1","1","0","0","1","","","","","","","","",""
"47239","212328","1","2023","Other","DC Comics Super Heroes","Licensed","Magazine Gift","Batmobile Tumbler","X","212328-1","","","","","","","59","","","Paper bag","Magazine gift","","","","","","","","","","","","","","514","211","0","0","X","0","3.5200","","Justin Ramsden,","","","X","","1","1","0","0","1","","","","","","","","",""
"31487","242104","1","2021","Other","Marvel Super Heroes","Licensed","Magazine Gift","Venom","X","242104-1","","","","","","","11","1","sh0690,","Foil pack","Magazine gift","","","","","","","","","","","","","","1440","582","0","0","X","0","6.0700","5.3700","Justin Ramsden,","","","X","","1","1","0","0","1","","","","","","","","",""
"31589","242105","1","2021","Other","Marvel Super Heroes","Licensed","Magazine Gift","Thor","X","242105-1","","","","","","","9","1","sh0623,","Foil pack","Magazine gift","","","","","","","","","","","","","","1405","414","0","0","X","0","4.9900","3.4900","Justin Ramsden,","","","X","","1","1","0","0","1","","","","","","","","",""
"33896","242214","1","2022","Other","Marvel Super Heroes","Licensed","Magazine Gift","Spider-Man","X","242214-1","","","","","","","4","1","sh0684,","Foil pack","Magazine gift","","","","","","","","","","","","6","","752","291","0","0","X","0","3.9900","4.4600","Justin Ramsden,","","","X","","1","1","0","0","1","","","","","","","","",""
"34085","242216","1","2022","Other","Marvel Super Heroes","Licensed","Magazine Gift","Carnage","X","242216-1","","","","","","","12","1","sh0683,","Paper bag","Magazine gift","","","","","","","","","","","","","","988","318","0","0","X","0","6.6600","5.4100","Justin Ramsden,","","","X","","1","1","0","0","1","","","","","","","","",""
"28022","271825","1","2018","Other","Nexo Knights","Action/Adventure","Magazine Gift","Aaron","X","NEX271825-1","","","","","","","10","1","nex144,","Foil pack","Magazine gift","","","","","","","","","","","","","","678","216","0","0","X","0","4.3500","1.1000","","","","X","","1","1","0","0","1","","","","","","","","",""
"50535","412403","1","2024","Other","Technic","Technical","Magazine Gift","Race Car","X","412403-1","","","","","","","81","","","Paper bag","Magazine gift","","","","","","","","","","","","7","","274","93","0","0","X","0","3.4300","","Marin Stipkovic,","","","X","","1","1","0","0","1","","","","","","","","",""
"50944","412502","1","2025","Other","Technic","Technical","Magazine Gift","Combine Harvester","X","412502-1","","","","","","","80","","","Paper bag","Magazine gift","","","","","14","15","2","0.054","","","","7","","329","191","0","0","X","0","4.1600","","","","","X","","1","1","0","0","1","","","","","","","","",""
"29162","471906","1","2019","Other","The LEGO Movie 2","Licensed","Magazine Gift","Rex with Jetpack","X","TLM471906-1","","","","","","","13","1","tlm174,","Foil pack","Magazine gift","","","","","","","","","","","","6","","807","315","0","0","X","0","3.9700","","","","","X","","1","1","0","0","1","","","","","","","","",""
"33756","562203","1","2022","Other","Friends","Modern day","Magazine gift","Cat at the vets","X","562203-1","","","","","","","21","","","Foil pack","Magazine gift","","","","","","","","","","","","","","163","112","0","0","X","0","3.1100","","James May,","","","X","","1","1","0","0","1","","","","","","","","",""
"48607","662307","1","2023","Other","Minecraft","Licensed","Magazine Gift","Spider and Skeleton","X","662307-1","","","","","","","31","1","min065,","Paper bag","Magazine gift","","","","","","","","","","","","","","422","171","0","0","X","0","4.4100","","","","","X","","1","1","0","0","1","","","","","","","","",""
"48664","662308","1","2023","Other","Minecraft","Licensed","Magazine Gift","Alex, Baby Llama and Bee","X","662308-1","","","","","","","35","1","min017,","Paper bag","Magazine gift","","","","","","","","","","","","","","404","205","0","0","X","0","4.3600","","","","","X","","1","1","0","0","1","","","","","","","","",""
"49001","662402","1","2024","Other","Minecraft","Licensed","Magazine Gift","Nether Hero and Strider","X","662402-1","","","","","","","36","1","min169,","Paper bag","Magazine gift","","","","","","","","","","","","","","433","198","0","0","X","0","4.8500","","","","","X","","1","1","0","0","1","","","","","","","","",""
"49087","662404","1","2024","Other","Minecraft","Licensed","Magazine Gift","Alex and Wolf","X","662404-1","","","","","","","25","1","min017,","Paper bag","Magazine gift","","","","","","","","","","","","","","229","152","0","0","X","0","4.6900","","","","","X","","1","1","0","0","1","","","","","","","","",""
"50222","662405","1","2024","Other","Minecraft","Licensed","Magazine Gift","Drowned and Hero","X","662405-1","","","","","","","25","2","min088,min181,","Paper bag","Magazine gift","","","","","","","","","","","","","","361","162","0","0","X","0","4.4000","","","","","X","","1","1","0","0","1","","","","","","","","",""
"50255","662406","1","2024","Other","Minecraft","Licensed","Magazine Gift","Golden Knight and Charged Creeper","X","662406-1","","","","","","","23","2","min052,min180,","Paper bag","Magazine gift","","","","","","","","","","","","","","379","161","0","0","X","0","6.9700","","","","","X","","1","1","0","0","1","","","","","","","","",""
"50394","662409","1","2024","Other","Minecraft","Licensed","Magazine Gift","Hero with Skeleton","X","662409-1","","","","","","","20","2","min011,min190,","Paper bag","Magazine gift","","","","","","","","","","","","6","","258","124","0","0","X","0","4.3600","","","","","X","","1","1","0","0","1","","","","","","","","",""
"29988","792005","1","2020","Other","Hidden Side","Action/Adventure","Magazine Gift","Possessed Biker","X","792005-1","","","","","","","6","1","hs056,","Foil pack","Magazine gift","","","","","","","","","","","","6","","1015","475","0","0","X","3","3.9200","3.1700","Xiaodong Wen,","","","X","","1","1","0","0","1","","","","","","","","",""
"30665","792008","1","2020","Other","Hidden Side","Action/Adventure","Magazine Gift","Possessed Mechanic","X","792008-1","","","","","","","6","1","hs068,","Foil pack","Magazine gift","","","","","","","","","","","","6","","876","421","0","0","X","0","3.9600","2.2600","Xiaodong Wen,","","","X","","1","1","0","0","1","","","","","","","","",""
"28238","891840","1","2018","Other","Ninjago","Action/Adventure","Magazine Gift","Jet Jack","X","NIN891840-1","","","","","","","11","1","njo0478,","Foil pack","Magazine gift","","","","","","","","","","","","","","1154","327","0","0","X","0","3.4300","2.6600","","","","X","","1","1","0","0","1","","","","","","","","",""
"28963","891945","1","2019","Other","Ninjago","Action/Adventure","Magazine Gift","Young Wu","X","NIN891945-1","","","","","","","9","1","njo0467,","Foil pack","Magazine gift","","","","","","","","","","","","","","1333","371","0","0","X","4","4.4200","3.5900","","","","X","","1","1","0","0","1","","","","","","","","",""
"31747","892177","1","2021","Other","Ninjago","Action/Adventure","Magazine Gift","Kai","X","892177-1","","","","","","","10","1","njo0706,","Foil pack","Magazine gift","","","","","","","","","","","","","","715","213","0","0","X","0","4.3100","2.7100","","","","X","","1","1","0","0","1","","","","","","","","",""
"34063","892294","1","2022","Other","Ninjago","Action/Adventure","Magazine Gift","Overlord","X","892294-1","","","","","","","11","1","njo0787,","Paper bag","Magazine gift","","","","","","","","","","","","","","928","196","0","0","X","4","5.6700","5.9100","Markus Rollbühler,","","","X","","1","1","0","0","1","","","","","","","","",""
"48690","892313","1","2023","Other","Ninjago","Action/Adventure","Magazine Gift","Lloyd","X","892313-1","","","","","","","9","1","njo0813,","Paper bag","Magazine gift","","","","","","","","","","","","","","378","101","0","0","X","0","3.6400","6.0000","","","","X","","1","1","0","0","1","","","","","","","","",""
"27741","911730","1","2017","Other","Star Wars","Licensed","Magazine Gift","Y-wing","X","SW911730-1","","","","","","","60","","","Foil pack","Magazine gift","","","","","","","","","","","","5","","1628","715","0","0","X","0","6.0500","3.5700","","","","X","","1","1","0","0","1","","","","","","","","",""
"48729","912313","1","2023","Other","Star Wars","Licensed","Magazine Gift","Republic Fighter Tank","X","912313-1","","","","","","","44","","","Paper bag","Magazine gift","","","","","","","","","","","","6","","913","316","0","0","X","0","5.1300","2.5100","","","","X","","1","1","0","0","1","","","","","","","","",""
"48990","912402","1","2024","Other","Star Wars","Licensed","Magazine Gift","Emperor Palpatine","X","912402-1","","","","","","","7","1","sw1263,","Paper bag","Magazine gift","","","","","","","","","","","","","","1993","508","0","0","X","5","7.7700","0.6200","","","","X","","1","1","0","0","1","","","","","","","","",""
"28015","951806","1","2018","Other","City","Modern day","Magazine Gift","Miner","X","CITY951806-1","","","","","","","31","1","cty0846,","Foil pack","Magazine gift","","","","","","","","","","","","","","1004","371","0","0","X","5","4.4300","4.3700","","","","X","","1","1","0","0","1","","","","","","","","",""
"28102","951808","1","2018","Other","City","Modern day","Magazine Gift","Motorcycle and Rider","X","CITY951808-1","","","","","","","16","1","cty0830,","Foil pack","Magazine gift","","","","","","","","","","","","5","","1049","310","0","0","X","0","3.6200","4.5300","","","","X","","1","1","0","0","1","","","","","","","","",""
"28337","951809","1","2018","Other","City","Modern day","Magazine Gift","Refuse Operative","X","CITY951809-1","","","","","","","23","1","cty0945,","Foil pack","Magazine gift","","","","","","","","","","","","","","1183","349","0","0","X","5","4.3000","4.5000","","","","X","","1","1","0","0","1","","","","","","","","",""
"28529","951810","1","2018","Other","City","Modern day","Magazine Gift","Arctic Explorer with Snowmobile","X","CITY951810-1","","","","","","","35","1","cty0903,","Foil pack","Magazine gift","","","","","","","","","","","","","","1002","350","0","0","X","4","4.1900","3.5500","","","","X","","1","1","0","0","1","","","","","","","","",""
"28961","951901","1","2019","Other","City","Modern day","Magazine Gift","Police Officer and Jet","X","CITY951901-1","","","","","","","22","1","cty1001,","Foil pack","Magazine gift","","","","","","","","","","","","","","864","205","0","0","X","1","2.8700","1.6600","","","","X","","1","1","0","0","1","","","","","","","","",""
"29159","951903","1","2019","Other","City","Modern day","Magazine Gift","Lawnmower","X","CITY951903-1","","","","","","","27","1","cty1006,","Foil pack","Magazine gift","","","","","","","","","","","","","","1140","493","0","0","X","9","4.2800","3.7500","","","","X","","1","1","0","0","1","","","","","","","","",""
"29568","951908","1","2019","Other","City","Modern day","Magazine Gift","Astronaut","X","951908-1","","","","","","","18","2","cty1076,cty1077,","Foil pack","Magazine gift","","","","","","","","","","","","","","1012","494","0","0","X","4","4.2000","4.4700","","","","X","","1","1","0","0","1","","","","","","","","",""
"31420","952102","1","2021","Other","City","Modern day","Magazine Gift","Digger","X","952102-1","","","","","","","21","1","cty1286,","Foil pack","Magazine gift","","","","","","","","","","","","5","","796","278","0","0","X","0","3.1700","3.6000","","","","X","","1","1","0","0","1","","","","","","","","",""
"33616","952204","1","2022","Other","City","Modern day","Magazine Gift","Phil Corey's Dump Truck","X","952204-1","","4.5","","","","","26","1","cty1435,","Foil pack","Magazine gift","","","","","","","","","","","","5","","629","249","0","0","X","0","3.2500","2.0000","Corvin Stichert,","","","X","","1","1","0","0","1","","","","","","","","",""
"33598","5006144","1","2022","Gear","Gear","Miscellaneous","Storage","Storage Head Small Boy","X","5005529-1","","15.99","","17.99","","","","","","{Not specified}","{Not specified}","","6326532","5711938030193","","","","","","","","","","","173","47","0","0","X","0","","","","","","X","","1","1","0","0","1","","","","","","","","",""
"30722","PE770439","1","2020","Gear","Gear","Miscellaneous","Storage","BYGGLEK box, medium","X","PE770439-1","","","","12.99","","","","","","{Not specified}","{Not specified}","","","","","","","","","","","","","","1154","217","0","0","X","0","","","","","","X","","1","1","0","0","1","","","","","","","","",""
"30721","PE770439_1","1","2020","Gear","Gear","Miscellaneous","Storage","BYGGLEK box, large","X","PE770439_1-1","","","","14.99","","","","","","{Not specified}","{Not specified}","","","","","","","","","","","","","","1389","203","0","0","X","0","","","","","","X","","1","1","0","0","1","","","","","","","","",""
